cyto_over_nuc	se_cyto_over_nuc	mem_over_cyto	se_mem_over_cyto
0.1187052623498659	0.006546173103081	17.25537848134827	1.212444168719515
