cyto_over_nuc	se_cyto_over_nuc	mem_over_cyto	se_mem_over_cyto
0.2667602355322206	0.0096235249315969	2.711178375136597	0.0851952013548618
