cyto_over_nuc	se_cyto_over_nuc	mem_over_cyto	se_mem_over_cyto
0.0864591009088897	0.0040482675525962	19.096062441042044	0.8540187094311243
