cyto_over_nuc	se_cyto_over_nuc	mem_over_cyto	se_mem_over_cyto
0.379863875605697	0.030977243248824	2.019380219746415	0.1122406060182229
