cyto_over_nuc	se_cyto_over_nuc	mem_over_cyto	se_mem_over_cyto
0.1862791548233797	0.0056761504249088	1.9135360002821449	0.0492092880239642
